{
  "timestamp": "2025-09-14T03:28:18.349Z",
  "importTime": -1,
  "functionPerformance": {
    "select": -1,
    "shadow": -1,
    "font": -1
  },
  "memoryUsage": {
    "rss": 40976384,
    "heapTotal": 5603328,
    "heapUsed": 4711792,
    "external": 1691261,
    "arrayBuffers": 40181
  },
  "bundleSize": {
    "total": 14.376812934875488,
    "javascript": 0,
    "css": 0
  },
  "rnBundleMetrics": {
    "bundleSize": 9.669827461242676
  }
}